survived,pclass,sex,age,sibsp,parch,fare,embarked
0,3,male,32.48824818305749,1,0,56.18525632194982,S
1,3,male,27.550768274919328,0,0,4.12708780370883,C
1,2,female,16.96199887005298,0,0,45.46019061447893,Q
0,3,female,9.218231430395456,0,0,5.050065907036125,S
0,1,male,4.414202308822979,0,0,12.985645544256734,C
0,2,male,31.425766887782633,1,0,15.523880480910028,S
0,3,male,7.58287319161489,0,0,18.734496306071282,S
1,1,male,13.259673871240192,0,1,40.01140174310407,S
0,1,male,,0,1,10.13876015204896,S
1,1,female,0.42,8,0,15.275813305048105,S
0,1,male,40.99520582463802,0,0,19.800944667666972,C
1,1,female,0.42,2,0,23.32668437738338,S
1,3,male,28.578100325674793,0,0,22.149771373681546,C
0,2,male,29.917778785617195,0,1,31.062638892108573,C
0,3,female,37.50189494263623,0,0,46.70445282222728,S
0,3,male,29.095628365346542,0,0,29.74419882954495,S
0,2,male,58.95966547558196,0,1,31.613540432329987,S
0,2,male,32.83659478274326,0,1,4.127933147887882,Q
0,2,female,44.97737978903307,1,0,21.12015291627291,S
0,3,female,19.209789271380824,1,0,32.4437411561012,S
0,2,male,,1,0,41.63500145233989,S
0,3,male,52.13976637791943,0,0,10.050769771652782,S
0,2,male,26.25342069200021,0,2,10.39121486982218,S
0,3,female,32.48740408083085,0,1,11.312398365453722,S
0,2,female,,1,0,34.3435387277719,S
1,2,male,18.937671957221298,2,0,56.47968719989743,S
0,3,male,0.42,0,1,13.363670824864503,S
0,3,male,,0,0,49.797377082978464,S
0,1,female,44.035702955691036,0,0,22.725321995102583,S
0,3,female,10.104036409066413,0,0,17.738088546247038,S
0,3,male,39.41818851052141,0,0,16.258498719484717,S
0,3,male,39.516012616423296,0,0,42.37723741251882,S
0,3,male,,1,0,27.815066012300043,S
1,2,female,16.1238148301018,0,0,195.55182379504242,S
1,1,male,,0,0,8.565781379705992,S
1,2,female,27.095451996589063,5,0,33.720356385067234,S
0,3,male,18.924553160864235,0,0,11.831896645328236,S
0,3,male,18.143459348058364,0,0,8.420868860480764,C
1,2,male,,0,1,19.868446353937262,C
0,1,male,28.140392588045827,0,0,23.04277979574701,C
0,3,male,19.621866927828776,0,0,371.7321451721357,S
0,3,female,29.103042584768023,1,0,16.707440920942762,S
0,3,male,37.48781707938658,0,1,6.487136853040432,S
1,1,male,30.448582462312515,0,0,26.39067472120511,S
0,2,male,26.71694993299439,0,0,2.5227762016474657,S
1,1,female,20.27475830427843,0,0,18.320913424074046,S
0,3,female,20.099102740719815,1,0,20.41000623471319,C
0,1,male,,1,0,44.46046569467023,S
0,3,female,34.61281171175568,0,0,53.17680204309567,S
0,2,male,15.284388660174086,1,0,12.1390846234079,S
1,3,male,35.40240374031822,0,0,17.277170147799144,S
1,3,female,50.188423956589034,4,0,9.336011897853355,S
1,3,female,,0,0,6.500879303359236,C
1,1,female,24.341009830701513,4,0,27.382244143629894,S
0,1,male,,1,0,5.620465284997267,C
1,1,male,,0,0,13.268238538803576,S
0,3,female,12.73474406631577,0,0,7.424802166569703,C
0,3,male,,5,0,34.80228989827838,S
0,3,male,38.95850897862004,1,1,121.68431379252841,S
0,3,male,,0,2,5.465261755548448,S
0,3,male,25.886807345180166,1,0,3.148674331464605,C
0,1,male,3.0821865264051986,0,0,17.72742924000805,Q
1,3,female,34.48594251178301,0,0,20.403323330864605,S
0,2,male,38.68893181973917,0,1,24.99458763318628,S
0,2,male,13.908338315856833,0,0,12.85431412753235,Q
0,3,male,27.44058862222801,1,0,16.43413708750378,S
0,1,female,30.248997767629778,0,1,29.00622350376728,S
1,1,male,38.17630310526874,1,0,56.85083413480488,S
0,3,male,29.755144603786217,0,1,2.843259853582285,S
1,1,female,6.11836936755703,0,0,13.888491686269496,C
1,3,female,22.015902342793904,0,0,24.873644620475165,C
0,2,female,32.95707388814078,0,1,8.02068552685372,S
0,2,female,41.902160959576506,0,0,113.42815396404374,S
1,2,male,20.74426916378342,0,0,10.639676930431504,C
1,2,female,61.42092318097528,0,0,19.273041635040514,S
1,3,male,2.2301405018640104,0,2,35.02359918980133,C
1,2,female,21.526347461660436,0,0,11.11966554184732,S
0,3,female,28.496012749354787,0,0,3.169034451928938,S
0,3,female,26.789137128483468,1,0,13.083415987855748,Q
0,3,female,,1,0,56.22944521635422,S
1,3,male,36.19399534240101,0,0,14.340746244958567,S
1,3,male,35.08086374405187,0,0,8.615524053992685,S
0,1,female,30.395440966732426,0,0,50.687138986008755,S
0,1,female,34.511736017248474,3,2,14.428784052322504,S
0,2,male,23.55524203400355,0,0,12.059336658555662,Q
0,3,male,6.248237223425765,0,0,23.323375305426353,C
1,1,male,19.308721884242452,0,0,43.412621188272524,S
1,3,female,31.977291430436896,0,0,217.39446877204358,S
1,3,female,32.05979401527274,0,2,45.93540211371802,S
0,2,male,30.299996262494794,1,0,64.061269823187,S
0,3,male,37.656269885782955,0,0,12.110027168175385,S
1,1,female,21.273382340974763,0,0,7.200366258976655,C
1,1,female,30.08687532810277,0,0,21.377337159034965,S
0,3,male,,0,0,22.357680649808216,C
1,3,male,28.469097631715876,1,0,6.831110546186628,S
0,3,male,,0,0,16.855979664834404,S
0,2,male,15.758418639994703,1,0,29.943659572102685,S
0,2,male,41.74735870205082,0,0,28.800518631503696,S
0,3,female,49.890846362667304,0,0,33.257751022183484,S
0,3,female,46.741605063448716,3,3,26.868772270844065,Q
0,3,male,33.066261271259506,0,0,12.097409523675475,S
1,2,female,12.254577270757952,1,0,12.014321221689393,Q
0,3,male,29.6079024267934,0,0,6.0559944640371635,S
0,2,male,52.352699413281115,1,0,119.67443799633266,Q
1,1,male,38.6680815166189,0,0,20.35751975208046,S
0,3,male,26.691575921083846,0,2,16.040983952117518,Q
0,1,female,38.815065876197636,1,0,7.934401442432864,S
1,3,female,11.293769504073733,2,2,378.28879139762324,C
0,2,male,,1,0,6.866619840620789,C
0,1,male,13.979224830176289,1,0,13.080885917013068,S
0,3,female,36.50879136605227,1,2,30.44241408794729,S
0,3,male,40.05450074594134,0,0,36.60602944392009,S
1,3,male,,0,2,52.34895918236674,Q
1,3,female,17.04251968727629,0,0,122.43845649338375,S
1,3,male,,0,2,33.31999460756062,S
1,3,male,22.64459158522979,0,0,6.986426533810354,S
1,3,male,18.155524781940702,0,0,15.534368235982251,S
0,2,female,34.61540843698407,0,0,27.32582901075669,C
1,3,male,18.70911277347923,1,0,158.89220900035093,S
0,1,male,6.987928872020657,0,0,4.963913896361079,S
1,3,female,,0,0,66.85837025609997,Q
1,3,male,,0,0,24.044694505810416,S
0,1,female,33.28892279035496,1,0,46.42464847079965,S
0,3,male,31.880878853554375,1,1,18.137929231805256,S
0,3,female,31.15754137036835,0,0,8.65006962352371,S
0,1,male,,0,0,42.55820972435446,S
1,3,male,46.98340341369819,0,0,38.64552660148845,C
1,3,male,,0,0,53.09363037288196,S
0,1,male,,0,0,19.820076024106747,S
0,3,female,6.7955751426147835,0,0,11.02513842357231,S
0,2,female,49.69129132081858,0,2,4.225818648407281,S
0,3,male,,0,1,45.57563566514901,C
0,3,male,19.403823773913654,3,0,30.68854575235665,S
0,3,female,,3,0,7.646265564427219,S
1,3,female,7.569070547527925,0,0,11.721518337081356,S
0,3,male,30.172345872424145,0,0,12.594260421197896,S
0,3,male,,0,0,4.558600041823704,S
1,2,male,26.953501770767527,0,0,8.866832264520898,S
0,3,female,7.366409335549388,3,0,6.463491445251745,S
1,1,male,58.459100405349815,0,0,13.29676786615824,C
1,3,male,37.6638465492739,1,0,9.595579288848676,S
0,1,male,,0,1,3.9471550508855495,C
0,1,female,,4,0,151.80400235204903,C
0,1,male,43.58929230856616,0,1,70.28375781114218,S
0,3,male,40.99947136721537,1,4,9.216363804416488,S
0,2,male,,0,0,26.375126728417836,S
0,3,male,50.16023806535875,0,0,30.49202243282835,S
0,1,male,,0,0,66.09452106032029,S
0,2,male,24.467074418343195,0,2,8.858655231349836,S
0,3,male,0.42,2,3,59.86588342316554,S
1,3,male,,2,0,11.612646221492298,S
0,2,male,10.480106280605106,1,0,5.281116828137142,S
0,3,female,21.714542662415084,0,1,41.43544024977285,S
0,3,female,14.8198152381971,1,0,73.02182902019479,S
1,3,male,24.389642679885206,0,1,267.1763623607856,S
0,1,female,36.136263338152816,0,2,6.051309742095721,S
1,1,male,29.861552664206982,0,0,40.40363212785475,S
1,3,male,39.9897987123342,0,0,13.332421241339985,S
0,1,male,48.05162826599165,0,0,43.96345455598876,S
1,3,male,24.352458918171386,0,0,4.615916541457067,S
0,3,female,22.76077499076635,0,0,5.681584893184013,S
1,3,female,,1,1,9.245391182664289,C
1,3,female,44.73718568672898,0,2,21.73587335652215,C
0,3,male,40.43856758749418,0,2,10.57950599992643,S
0,2,male,15.893407302279433,0,0,38.82461077661533,S
1,3,male,35.82849844977326,0,1,56.08647063308019,S
0,2,male,31.28732375868569,0,0,36.582776464541936,C
0,3,male,44.96166964957011,0,0,101.37105934905635,S
0,3,male,21.39335470170264,0,0,30.442103368965796,Q
0,3,male,,1,0,5.94828706372327,S
1,3,male,39.708433605513946,0,2,78.52181729812364,S
0,3,female,0.42,1,0,10.966484569867458,Q
0,2,female,19.093055643503213,0,0,49.91983903942945,S
0,2,female,,0,0,96.90530034805457,S
1,3,male,14.76594727186667,1,0,31.711773341916448,S
0,1,male,18.839043671151114,0,0,4.498937180795015,S
1,1,male,,0,0,8.018792372056176,S
0,2,female,41.5980535755924,1,0,75.3952644158085,S
1,2,male,26.049905111108675,0,0,16.96033384381419,C
0,2,male,46.13754034195621,1,1,21.749125176206494,S
0,1,female,14.296691250087576,0,0,42.89796616906357,Q
0,1,male,12.324890906666205,1,0,40.29884715953541,S
1,1,male,,0,0,26.54389591951765,S
1,3,male,38.10482682517838,0,0,16.302714517764915,S
0,2,male,23.026180677041815,0,0,14.69241764528581,S
1,2,male,13.235817041377107,0,0,47.365723077896746,S
1,3,male,,0,2,34.937806757923795,Q
0,1,male,,0,0,15.528856447406527,S
0,3,male,21.022823937518375,0,1,59.27053563687281,S
0,3,female,33.01435964900951,0,6,17.654061758605003,S
0,1,male,55.83138972225596,0,0,8.570600718542073,S
1,2,male,35.25495307506169,1,0,9.403004831278771,C
1,3,male,,0,0,7.547822897194067,S
1,3,female,,0,2,15.295978999941259,S
0,3,male,37.94296326648168,0,2,68.97363142768783,S
0,3,male,31.22698515274676,0,0,8.97914637174036,S
1,1,female,,2,1,24.25143427555302,S
1,3,female,41.197555375650055,0,0,10.415662203206377,S
1,1,male,43.770704152779345,3,2,15.482199718252776,S
1,3,female,41.34879320790686,0,2,4.436912661256564,S
1,3,male,30.183254922154127,1,0,16.110347555324285,S
0,3,male,15.835435194330115,0,0,16.548486048306476,Q
0,3,male,0.42,1,0,34.47684516366093,C
1,1,male,31.977277278321033,0,0,25.110370126284206,S
0,1,female,45.38815986624231,0,1,6.0593823657751225,S
0,1,male,44.13522080170467,0,0,59.394298923497296,S
0,1,male,41.53305622921079,0,0,24.786596422266545,S
1,3,female,28.623940811033833,2,0,24.493150748428004,C
0,2,female,45.468230523456704,0,2,19.90194860159684,S
0,1,male,43.10034644591059,0,0,11.96807338256342,C
0,3,male,,1,0,24.973177271488897,Q
1,3,male,39.51067124092978,0,0,32.31683933210581,S
1,3,female,21.92859239156527,3,3,3.5011948944779037,S
0,3,female,37.53035135844537,1,1,11.719324695535258,S
1,1,female,10.862808657634528,0,0,15.56543933926499,S
0,2,male,,1,0,25.949973948350856,S
0,3,male,45.04400218068666,0,0,66.2417551083635,S
1,3,male,,0,0,9.283690820013035,C
1,1,male,38.887367338349556,0,0,12.207349070192198,S
1,3,male,30.97554790526604,0,2,12.030750206574314,S
1,1,female,0.42,1,0,9.011237502835968,S
0,1,male,28.6142988960059,2,1,14.193917175199179,S
0,3,male,36.28565592425265,0,0,43.41487915344606,S
0,3,female,21.946367910385923,0,0,7.001780715520252,C
0,3,male,19.368834204280553,3,0,30.80923230275527,S
0,1,female,50.64409562822853,0,0,3.6623234557810633,S
1,3,male,28.825809624821627,0,0,11.457700120237499,S
0,2,male,36.29452995981452,0,0,14.447345565317528,S
1,1,male,40.924906193480794,1,0,107.217520514133,C
1,3,male,15.179162390676373,0,0,15.259430345539513,S
1,3,female,32.50150762935581,1,0,2.2227752473158775,C
0,3,male,48.83484516992084,1,5,2.7213037712669057,S
0,3,male,56.07873615784595,0,0,20.780802137520382,S
0,3,male,30.27907775961301,0,1,37.105709616453126,S
0,3,male,26.249818563467418,1,0,29.237608930852407,S
1,1,female,33.60084898799423,0,1,23.749704915691243,S
0,2,male,33.232737181899054,1,0,64.21646214343409,C
0,2,female,49.807991958901724,2,1,11.709597202287299,S
1,2,female,,0,0,49.15165684658941,S
0,3,male,25.641840250592686,1,0,3.927429399210961,S
1,3,female,,1,0,8.12586486165145,S
1,1,male,15.02462415593513,1,0,3.29682078317748,S
1,1,male,35.1603232195173,0,0,15.258774266441785,S
0,3,male,41.442938703736885,0,0,19.177520440969527,S
0,1,female,20.283820440715694,0,0,22.513192984237143,S
1,3,female,40.895374440141694,0,1,21.36776232675605,S
0,3,male,45.81789052841354,0,0,7.94423627749998,S
1,3,female,57.75323697728416,1,0,16.605918294478784,S
1,3,male,,0,0,4.493146929371263,S
1,3,male,,0,0,78.5102331689292,Q
0,2,male,15.164156991714526,0,0,14.82587443717283,S
0,3,female,13.723998630161542,1,0,12.31864392416137,S
1,3,male,47.8218201703523,0,2,98.39011369624463,S
0,2,male,7.73111752714307,0,1,5.799394215248697,S
0,3,male,47.3573530419424,0,1,6.516991779577306,C
0,3,male,17.107605075843843,1,0,6.711212768617023,S
1,3,male,19.764510131038616,0,1,18.76753693138904,Q
1,3,male,27.502445902355294,0,0,30.927063117594418,C
0,3,female,19.497009031285586,3,0,42.08433024167343,S
0,3,male,43.21370644691384,1,0,262.95826135078045,S
0,3,male,55.99348730375024,3,0,2.118201852095166,S
1,3,male,20.167233715479497,0,0,36.91934207262447,S
0,3,female,23.43255133211291,0,0,11.50600907808417,S
0,3,female,27.331848294383473,1,0,11.173946365758608,S
1,3,male,37.54532307064325,0,0,10.807365276560024,S
1,1,female,27.47447795514008,1,0,8.09486839306519,S
1,3,male,49.815232460262635,0,0,108.25881924001911,S
1,3,male,46.32604679014794,0,0,46.63248153713936,C
0,1,male,,0,0,20.55688617649061,S
0,3,male,,0,1,77.55720184952528,C
1,1,male,51.74491894098779,0,0,4.425888435543956,S
1,2,female,22.52567628638019,0,0,5.308423341553876,S
1,3,female,,4,0,2.2751187931418455,S
1,1,female,22.043463531132147,0,0,9.98002364817035,S
0,3,male,22.347403574909166,0,1,23.610665235460758,S
0,3,male,5.507452497289805,1,0,22.261496636521088,S
1,3,female,10.439433203756764,0,0,23.32071242703149,C
1,1,male,30.823368921689834,0,1,4.8985692316331875,S
1,2,male,51.64717063246529,1,0,44.84242790107526,S
1,3,male,,0,0,25.524212672798495,C
1,3,female,,1,0,41.80660249428667,S
0,3,male,54.37205552110065,1,0,3.0259885225362573,S
0,2,male,,4,0,27.425983276182315,S
0,3,female,5.611974140756882,0,0,6.1241180858642865,C
0,3,male,17.686526176006254,0,5,13.499825338187325,S
0,3,male,20.08962505748169,0,0,34.27324081866585,S
0,1,male,,0,0,22.001125392530444,S
0,3,male,27.843395259018134,1,0,8.571648063272205,C
0,3,female,43.452472072992265,0,2,20.211932668983284,S
0,3,male,11.053655781135017,0,1,4.342562817423239,Q
0,2,male,,1,0,63.45096455760116,S
0,3,female,35.44106729658821,0,0,16.357982107481618,C
1,3,female,28.49092800852275,0,0,61.47004261940378,S
0,1,female,32.39254255124536,0,0,11.863521986152735,S
0,3,male,32.56124530763056,1,0,11.89863885441481,C
0,3,male,,0,0,9.354085627454745,S
1,1,female,,1,0,48.23929470134077,S
0,2,female,47.792474094105124,0,2,9.880556565083829,S
1,3,male,46.953715259996926,1,0,38.26728801514771,S
0,1,male,44.39829823788602,1,2,13.702079399894584,S
0,3,male,6.862797693221154,0,0,2.784411944533619,S
0,2,female,,0,0,11.355315181203187,S
0,3,male,39.20622069946786,0,0,6.177364879516192,S
1,1,male,7.420407583315143,1,0,20.778165996811477,S
1,3,male,26.583799850323864,0,0,6.10795649268236,S
1,3,female,33.71350501521668,0,0,50.702494000295786,S
0,3,female,53.83259792280721,0,0,18.337059835194584,S
0,3,male,40.20849593946675,0,0,16.817230826691922,S
1,1,female,17.163796954464626,0,1,38.70203326440757,Q
0,3,female,54.283132647553465,0,0,52.66267414310137,S
0,1,male,30.334806559351392,0,0,19.685872534021918,C
0,1,male,25.990303514905168,1,0,9.28871015098727,C
0,2,male,,0,2,3.4076754883811584,C
1,3,female,6.158449048664568,0,0,10.114299786508148,S
1,3,male,28.108342194665934,3,0,10.835066292673666,C
1,3,male,36.91353623093204,1,0,22.355166395732784,C
0,2,female,24.11194175088437,2,0,14.222896830627603,S
0,2,male,35.7965609200896,0,3,39.962158628414336,S
0,3,female,,0,0,10.880984546384274,S
0,2,male,27.656545242974513,0,0,18.971898028273095,S
0,3,male,34.28983473582516,1,0,65.62701618093045,S
1,1,female,32.450082717419605,0,0,28.270679682562967,S
1,3,female,6.420756199073828,0,2,18.915136192773474,S
0,3,male,23.334413712367187,0,0,11.001763279241045,S
1,1,female,,0,0,10.662880556397868,S
1,1,female,,0,0,8.579595321387096,S
0,3,male,29.929209389621672,0,0,11.693032296799544,C
0,3,female,28.442041617040307,0,1,42.762683384834006,S
0,2,male,52.43947650433495,0,0,16.088612582169315,S
0,3,male,,3,0,5.208161584417327,S
0,1,male,41.40919949737274,1,1,117.70356386795561,S
1,2,female,15.587986456098262,2,0,27.659387750146646,C
0,3,female,34.90815421328516,1,0,4.9187606555156735,Q
0,2,male,,0,0,12.91192202765763,S
0,3,male,,0,3,22.44092683992293,Q
0,2,male,17.077501965208512,0,0,110.45322114795127,S
1,2,male,54.42270513450193,0,0,6.63187481494027,S
1,3,female,25.338351972854532,0,0,53.30556418062738,S
0,2,female,,0,0,81.4090484355327,C
0,3,male,44.15785945467074,0,0,10.711797400895547,S
0,1,female,35.61421334444216,0,0,15.218113273861125,S
0,1,male,36.26170582721252,0,0,7.125577336999022,C
0,1,female,9.393916375203869,0,0,16.387827914367854,S
0,3,female,32.69823430759904,1,0,19.363890663024463,S
0,2,male,,0,1,38.8477437068115,C
0,3,male,39.57942279619133,0,2,59.75085324856969,S
1,3,female,31.93788196243395,0,0,9.505817079575161,S
0,3,male,54.52308933934694,0,0,2.8085685360541275,S
0,1,male,27.01690952141834,0,0,19.66332490517593,S
1,3,male,20.716442712185575,0,0,26.937989246137516,S
0,3,male,,0,1,25.77532625639635,S
1,3,male,40.81377683761814,0,0,14.488087390573384,S
1,3,female,,2,0,22.7542536071763,S
0,3,female,,2,1,91.41822056803352,C
0,3,male,41.4500027252765,0,0,29.42174918247603,Q
1,1,female,25.790196433195515,0,0,13.827115768292579,S
0,1,male,45.75098911138831,1,0,12.180084293470726,S
0,3,female,38.99720660496052,0,0,16.947962876428907,C
1,3,female,60.75005521841062,0,0,103.20733868734335,S
0,3,male,18.81625798507238,0,1,16.721566450077955,S
0,3,female,41.74529283219329,2,1,19.691865968499226,Q
1,1,male,14.94880333693763,0,0,12.39987546063896,C
0,1,male,6.27718645648747,0,2,60.27897426517875,C
0,3,female,0.42,1,0,142.57059132153663,S
1,2,male,37.505698324755436,0,1,31.51970952694114,S
0,1,male,32.37159475218949,0,0,21.818820080065862,S
1,3,male,22.75375966825457,3,2,20.838095650478774,S
1,1,female,,0,2,1.8509392467770147,S
0,3,male,19.689393920989197,0,0,42.31539061845461,S
0,2,male,,0,2,22.9694808676688,C
0,3,female,41.20095581849992,0,1,30.825493253584444,C
0,2,female,29.460231621409427,0,1,9.8605091569409,S
0,3,male,33.35487496922653,0,0,13.67464134657903,C
1,1,male,24.24608047587503,0,1,13.31611643273742,C
0,1,male,55.06375093664374,1,1,55.79158123461617,S
0,2,male,14.935380157240695,0,0,13.75276869387356,S
1,3,male,19.561045849365648,0,2,161.20233613333545,S
0,3,female,22.56080792709406,0,0,30.90328283931364,S
1,2,female,,1,0,5.608690893600072,S
0,3,male,,0,0,17.662675897075133,S
0,3,male,31.66791956294598,0,0,10.46801981778183,S
1,3,female,32.09119707968508,0,0,2.2380781529741163,S
1,1,male,19.63180942436599,0,0,99.43169640181253,C
1,3,female,34.484702183874425,0,2,40.57461165120356,S
1,1,male,,1,0,34.23358972939344,S
1,2,male,,0,0,23.69830816854808,S
0,3,female,31.14428346956089,0,0,5.042905637340878,S
0,1,male,,0,0,12.383721903030166,Q
1,3,female,0.42,1,2,46.608399645129055,S
1,3,male,37.4260828615536,0,0,7.020117601287074,S
1,3,male,44.91006416757197,0,1,1.5971658003886433,C
0,3,female,,0,0,16.00488506526263,S
0,1,male,,0,0,17.430864313087397,S
1,2,female,,0,0,23.001591666239275,S
0,3,male,13.089695839015661,0,0,41.6174122549419,C
1,1,male,9.931096941543203,0,0,38.00074680252152,S
1,2,female,39.96072814377307,0,0,26.01751084185991,S
0,1,male,29.831053704428456,0,0,66.38900052968438,S
1,1,male,45.140712719708446,0,1,4.397473709875975,S
1,2,male,,0,0,33.26752894412251,C
0,1,male,9.390227128780836,1,0,37.58249424300372,S
1,3,male,29.907814867740267,3,0,5.814982136051646,S
0,3,female,35.75626862801491,3,0,4.468842342566964,S
1,3,female,41.98145777149715,1,1,9.526314088312121,C
0,1,female,32.234857647727274,0,0,10.365246810141006,S
1,1,female,32.08749975269925,1,0,42.66673016541998,C
0,1,female,24.05367762606212,0,2,10.864072196871117,C
0,3,female,52.768121121115506,0,0,8.530529901894367,S
1,3,male,13.70615989567778,0,0,10.895678724172317,S
0,1,female,34.905792212061115,0,0,61.47510733863767,S
0,3,female,15.376771898473711,1,0,20.34923612597494,C
1,1,male,37.454288914172636,0,1,16.789420814655568,S
1,3,male,,0,1,17.993210661991913,S
0,3,male,40.48532762825664,2,2,73.11695879629411,C
1,3,male,31.325521728955497,0,0,9.495597530914024,S
0,3,female,54.997268012250885,0,0,74.85166019698536,S
0,3,male,25.625215114562007,1,0,24.791387110562535,S
0,2,male,,0,0,17.10858899854597,S
1,3,female,18.394983933319708,0,0,244.91237608346526,C
1,1,male,,0,0,6.989160928514851,S
1,3,male,31.233367451943117,0,0,14.101966284078221,S
1,3,male,7.555311124165076,1,0,5.856597249794946,C
0,3,female,9.144452954320805,0,1,52.063387704904606,S
0,3,female,38.39795984761685,0,1,108.7649284500574,Q
0,3,male,27.581741087790647,0,0,106.6895037007477,Q
0,3,female,21.10256527080368,0,0,68.30266283458751,S
0,3,male,19.013700383957044,3,0,16.48382393084383,S
1,1,female,19.57191246200644,0,1,13.939952843537956,S
0,1,female,31.331985367619314,0,0,3.776623012935524,S
0,2,female,36.153020029684754,0,0,153.83391327178597,S
0,1,male,,1,0,32.10391798028716,S
1,3,female,50.18609382316343,2,0,12.280874028316456,S
1,1,female,49.15466106265889,0,0,75.79686166743872,C
0,3,male,0.42,0,1,7.593066158164815,S
0,2,female,,0,0,30.163181778882528,S
1,1,male,45.00067334430012,1,0,16.90096744757424,S
0,3,female,29.706459665719404,0,0,38.041479868591246,Q
1,3,male,,1,0,18.848370429881033,S
1,3,female,44.42080732914354,0,1,4.707100478905641,C
0,3,male,26.202149538688403,1,0,21.662363908550827,S
0,3,male,37.658743235374864,0,1,57.332298689856835,S
1,1,male,61.87841844344578,0,0,19.507199335896672,S
0,3,male,33.35163288404247,0,0,43.60252761907053,S
0,3,male,,0,0,7.0601797698035345,S
1,3,male,24.831900573664036,1,0,19.5649403477319,S
1,1,male,18.253042276505678,1,0,10.756277578347325,S
1,3,male,35.98560090300357,0,0,42.39289765646871,Q
1,1,male,18.01202039812783,0,0,20.72812683506538,S
0,1,female,22.84365437593017,0,0,40.04779742359918,Q
0,2,male,11.075759571089801,1,1,59.603269274021514,S
1,3,female,,0,2,40.10971503307671,S
0,3,female,32.26294450287972,0,0,26.39351759332614,S
0,3,female,0.42,0,2,7.402277635904,S
1,3,male,33.463816641463204,0,0,20.02965427828074,S
0,2,female,29.037346649096698,0,0,11.785967135591516,S
0,2,male,,0,1,14.238307495911862,S
0,2,male,59.11511940191316,0,0,13.81100653473085,C
0,3,male,43.597909650268946,4,0,7.5388859960149555,S
0,1,female,13.802163950804678,0,0,2.8367567519752774,C
0,3,male,41.85443475378153,0,1,10.297044905290402,S
0,3,male,47.745222102305334,0,1,24.37064786768678,S
1,2,female,,1,0,5.216480571946787,S
1,3,female,34.94090953573622,0,0,20.403005868107943,S
0,3,male,,0,0,134.3258311648474,S
1,3,male,0.42,0,0,55.87161979429488,S
0,3,female,26.99039084566921,0,0,103.91170094330984,S
0,2,male,,0,1,29.69943068984149,S
1,2,male,50.437256730118236,1,0,64.55449965935856,S
0,3,male,34.53905402164716,1,0,9.73799524563401,S
1,3,female,25.384641049307923,0,0,10.545083506684191,S
0,1,female,28.393191255630335,0,0,1.2980456587066875,Q
1,3,female,44.539090933597315,1,2,65.76879423182176,C
0,3,female,27.023522382942925,0,0,93.7211589655829,S
1,3,male,19.576164770171665,1,0,11.551586128160144,C
0,1,male,,0,0,15.580938772517055,C
1,3,male,43.34009408542889,2,0,9.451163790047888,S
0,3,male,36.894391131170075,1,0,29.448811462621958,S
0,1,male,30.341885613562148,2,0,61.86363611680608,Q
1,1,female,32.477319841950035,0,0,3.5156626429624236,S
0,3,male,,0,0,30.248256021777397,C
1,1,female,,2,0,15.230929993115772,S
1,3,male,20.0820873342695,0,0,22.497279526496477,S
0,3,male,25.42570037765372,0,2,31.784984784076578,S
1,2,male,,1,0,16.639802415052777,S
0,3,male,14.070858735030745,1,0,18.109074144464554,C
1,2,female,19.71359383686773,2,0,16.218050209756864,Q
0,3,male,11.512666487431598,0,0,53.001287292149435,S
0,2,male,8.371823020779825,1,0,30.531531221110722,S
1,3,male,,1,0,25.042729296029133,C
1,1,male,20.744666863888593,0,0,5.635288132895293,S
0,2,male,55.24448949648679,0,0,13.755245699648171,S
1,3,female,25.598725080421996,0,0,49.336746096701006,S
0,2,female,48.39625451973535,0,1,20.857144952678873,C
0,3,male,43.73609388663918,4,0,38.84313941515973,C
0,2,female,26.670164749251796,0,0,117.50863265945468,S
0,3,male,,1,0,56.747185998854235,S
0,1,male,33.59374280373973,4,0,22.046598736895163,Q
0,3,male,51.63863435705784,0,0,12.049351364362913,S
1,3,male,,1,1,1.562755179140731,S
1,1,male,35.71239578401935,0,0,16.972851170317934,S
1,1,male,,1,1,14.49766358222738,C
0,1,male,38.74903551923239,0,0,29.676817765143966,S
0,3,male,13.10820924482023,3,0,17.220400783386935,S
1,2,male,30.530710139568736,0,0,14.579478249203417,S
1,3,female,45.276584892197576,0,2,3.3892242808262143,S
0,2,male,51.82970160174409,1,0,7.846222225895988,S
1,2,male,19.25072475843673,0,0,32.35119761443313,S
1,3,male,37.36805387628878,0,0,111.71015679067351,S
1,3,male,31.88761809252425,0,0,18.219175097653228,S
1,1,male,,1,0,27.87725361184734,S
0,1,male,34.86203812376288,0,2,52.06423043140984,S
0,1,male,,0,2,8.927229173337352,Q
1,3,male,37.55040974865253,0,0,28.986031550846786,C
1,3,male,50.60489303377575,0,2,9.578393584843315,S
0,3,male,,0,0,47.694898309305096,C
0,3,male,34.203573253654184,0,0,23.36882917833025,S
0,3,male,56.73706332393464,0,0,27.070695988263086,Q
1,3,male,45.79397914026487,0,0,9.183435779962746,S
1,3,female,,0,4,40.73274684034199,S
0,1,male,12.051754165882873,1,0,161.53355972515638,S
0,1,male,15.376455126653248,0,0,7.330826787600065,S
0,2,male,43.23187050057669,0,0,14.299734810197556,Q
1,1,female,20.56046905083177,0,0,25.320326045007604,S
1,3,male,15.083195581876751,0,0,44.097637606124835,S
1,3,male,,1,6,11.478247411236074,S
0,1,male,19.73292747468485,0,1,1.1817184703451018,S
0,1,male,42.03439118284264,0,1,78.1937322563116,S
0,3,male,27.427239901156995,0,0,42.9701685199578,S
0,3,male,9.800568295658618,1,0,3.5150454993357108,Q
1,2,female,30.150151017554172,0,0,10.940059198979272,S
1,3,male,32.92285892049951,0,0,96.36879342278559,S
1,1,female,22.74961550910765,0,0,85.43846578871141,Q
1,1,female,46.460333720794154,4,0,51.34872069766591,S
0,3,male,23.596386157461872,0,0,16.84219872721185,S
1,3,male,45.77089645623868,0,0,21.8235010468972,S
1,1,male,38.35335030528716,1,0,17.62069731412389,C
1,3,male,43.1357798666439,1,0,62.068572582895456,S
0,3,male,13.771012808307274,0,0,8.365847074974235,Q
0,3,female,31.12549778745249,1,2,8.972823025470534,C
0,3,female,28.93399393366585,1,0,55.16201524733823,S
1,3,male,9.080905388840769,0,1,19.213987789524012,S
0,3,male,45.723380582142184,0,0,79.71576380046315,S
0,3,female,,0,0,10.262410903834073,S
1,1,female,,3,0,19.014876370214203,C
1,1,female,15.006920383832973,1,1,7.9851775363838495,Q
0,2,male,39.86720172802041,0,1,20.233966080557526,S
0,3,male,7.5740190777973595,1,0,4.578873755625194,S
1,1,male,38.65918460673623,0,0,12.334085135429554,S
0,3,male,44.84545280053018,0,0,4.776681865566091,S
1,3,male,,0,0,40.2022608137353,S
0,1,male,40.03311301577322,0,2,41.123895013818185,S
1,3,female,,1,0,3.559917140724402,S
0,2,male,,0,0,76.23996082443877,S
0,3,male,50.50365720513299,1,0,244.0602513126556,S
1,1,male,23.02889431506427,0,0,21.031186062811926,C
0,3,male,,0,0,10.579156948782646,C
0,3,male,24.876758883911094,3,0,338.434506130048,S
0,3,male,36.827360752720985,0,0,5.371093406660256,S
1,3,female,21.898459974507375,0,0,20.49347344400284,S
1,3,male,30.670278001441844,0,0,24.03767215038944,S
1,3,male,11.787514651382928,1,1,77.10341868078078,S
0,3,male,,0,0,28.78167716501937,C
0,3,female,39.42574371627795,0,0,12.19914788992176,S
0,1,female,,0,0,7.758706480256101,S
0,3,female,,0,0,14.270267540251206,S
0,3,male,39.0471095716066,1,0,7.338046325833746,S
0,3,male,19.444245980778554,0,0,21.06947519431405,S
0,1,male,31.51779707859495,0,0,11.424998667379453,Q
1,3,male,46.540282417755385,0,3,4.508489642871205,S
0,2,female,17.93677177251071,0,0,70.46708972210114,S
0,3,male,,2,0,12.210881452769293,S
1,1,female,,0,0,5.65117334356291,Q
0,3,female,,4,0,16.974986285354724,S
1,3,male,,0,0,21.506851654448116,S
1,1,female,47.31455732496858,0,1,3.5026971094059074,C
1,3,male,21.03525478137899,1,0,27.984412734848547,S
0,2,male,,0,0,7.048694563000927,S
1,3,male,38.98773707864999,1,0,111.16647018011484,S
0,3,male,12.281101428366405,4,0,33.91849741639246,S
0,3,male,39.73227660039876,0,0,13.465084609305011,S
0,3,male,,0,0,9.533693705148956,S
1,3,male,,1,0,18.08408541100635,S
0,2,male,,0,0,37.06935959980511,S
0,2,male,,0,0,19.579945847912384,S
1,3,male,43.71802670782972,0,2,16.164883316371235,S
0,3,male,34.49331419306882,0,0,21.292827753392796,S
0,3,male,53.39224866109289,1,1,10.980720670494142,Q
0,3,female,55.14424540027548,0,1,14.250529631645016,S
0,2,female,55.347190857261594,0,0,2.494797493787962,S
0,3,female,22.56391902965796,0,0,53.18233173021095,S
0,1,female,,0,0,27.080063158153433,S
1,3,male,21.678713340194143,0,0,9.267782662354566,S
0,1,female,39.90280342900104,1,0,134.1200080146374,S
0,2,male,,0,1,21.911606648764074,S
1,2,male,,1,2,7.126757967662423,S
0,2,female,37.82698028267156,1,0,47.31074427860879,C
1,3,male,8.373326315737625,0,0,29.90567364799832,S
0,2,female,31.74695483102735,0,0,29.802133517161685,S
0,3,female,45.91763585029422,0,1,13.121398821806112,S
0,1,female,37.665076846094315,0,0,31.516011673358165,S
0,2,female,,1,0,15.45977840752756,S
0,1,male,52.86190545431146,1,0,35.02077481865186,S
0,1,male,,0,0,2.989348725114327,S
0,3,male,,0,2,13.01531234519219,C
0,3,male,46.947968118643104,2,0,112.410246890231,C
0,3,male,46.68124914999194,3,0,9.327178379228066,S
0,3,female,37.79522928395905,0,2,10.980947246208393,S
0,2,female,27.3746204915545,0,0,12.833239764870859,C
0,3,male,29.720004939615784,0,0,5.960735408250744,S
1,3,male,11.186792194099244,3,0,2.2071878159603338,S
0,3,male,,0,0,15.949278633629273,S
1,1,male,,0,0,23.008401321529842,S
1,2,female,10.680600118231634,0,0,19.0581519030681,S
0,2,male,42.280665216638965,0,0,17.37654725358466,S
1,2,male,35.55947399763062,0,0,20.96891013221232,S
1,3,male,14.881375399333454,8,1,55.85960401174793,S
0,3,male,12.212997084449192,0,1,16.602508760113064,C
0,3,male,,0,0,11.312603101312959,S
1,3,male,23.93329034834969,0,0,15.163246632645219,S
1,3,male,56.08925833297022,0,0,35.85011445887732,S
0,3,male,43.51267672240914,0,0,82.43638281998749,S
0,3,male,36.5685504826173,0,1,10.717267875834066,C
0,1,female,37.28464555803472,0,0,22.174296150797662,S
0,1,male,48.99757411532393,0,0,28.172813198003805,S
1,1,male,41.974512330046394,0,0,7.444101644726243,S
0,3,male,36.94661335819232,0,0,20.499841762516105,S
0,3,female,15.486212943686105,3,0,4.638198992207065,S
1,2,male,74.09823099839018,2,0,3.424480208518255,S
0,3,female,13.70385001903062,0,3,28.984071135503445,S
0,1,male,,0,1,13.682604187616539,S
1,3,male,5.706439992055035,1,0,24.58853820220812,S
1,2,male,37.5125733021543,0,0,19.729303601634573,S
0,1,male,31.891101340629707,1,2,7.5655114422729595,Q
0,3,female,40.79650835628902,3,0,19.19684030485703,C
0,2,male,4.483548348985707,0,0,5.852674258453694,Q
0,2,male,45.837132177023506,0,0,80.71886847142305,Q
0,2,male,17.992186678690587,3,1,5.175984978966673,S
0,3,male,27.53942460922395,0,0,16.51410276753927,S
0,3,male,,0,0,7.083218621452786,S
0,2,male,33.48836691991254,0,1,35.5315549450634,C
0,3,female,,0,1,14.419315021015086,S
0,3,male,41.28809288862829,1,2,11.957196089728061,Q
0,2,male,35.9174642791115,1,0,47.143754734729576,S
0,2,female,24.7539354130436,8,0,20.685450767553505,C
0,1,male,27.28619764058918,0,0,33.6712529770429,S
1,1,female,32.77224084045143,0,0,7.52833621701738,S
0,3,male,,0,0,4.9292313152610445,C
1,1,female,44.142125561135714,0,0,22.358531303759438,S
1,3,male,33.88548199670852,0,1,14.601929017972342,C
0,3,female,,4,0,37.57859748302313,S
0,1,female,,1,0,18.54298494294556,S
0,3,male,27.958352173435138,0,0,24.657357612930976,S
0,2,female,27.05489554128995,0,0,3.961479117544957,S
1,3,male,22.672882921942517,0,0,132.74592191523146,S
0,3,male,34.67447162942606,0,0,17.043314492691547,S
0,3,male,34.172526570806966,1,0,40.34982147679271,S
0,3,male,20.03887909260635,0,0,8.705093636360326,S
0,1,male,27.123437331855698,5,0,27.330680587714426,S
1,3,male,20.13576710647112,0,0,5.4583974343134045,S
0,3,male,19.47940741967539,0,1,31.565597418734676,C
0,3,female,4.616481439960719,1,0,14.069733298472064,S
1,3,female,26.351801321617447,0,0,20.68048504051573,S
0,3,male,5.017907641839834,0,1,40.36544229315624,S
0,1,male,,0,0,5.8559584935259705,S
0,1,male,20.815927634774674,0,2,10.130070415157302,S
0,3,male,44.95247833035126,1,1,31.731957023699984,Q
0,2,male,14.983445308510195,0,0,163.73044942233187,C
0,3,male,18.662797420190103,1,2,17.49504442893899,S
0,3,male,24.1678999817222,0,0,36.275265503271406,S
0,2,female,,0,0,18.047885482660643,C
0,1,male,49.5541945626172,1,0,140.08446957286512,S
1,3,male,13.190773090780517,0,0,3.5000537763009403,S
0,2,male,24.19863476470529,0,2,22.07887004650495,S
0,3,male,34.51494611288389,0,0,3.9529256136336617,S
0,2,male,42.477158474109096,0,0,1.637922105177277,Q
1,3,male,24.18649743901205,0,0,27.043915728035834,S
0,1,male,1.8875557926950073,0,0,23.0922669207877,S
0,3,male,27.52348878701018,0,0,15.10707326453831,S
1,3,female,49.304412904620364,0,0,18.061920999362446,C
1,3,female,33.79171740774119,3,1,445.1002038778566,C
1,1,male,,0,0,15.515272508911643,S
0,3,male,14.286239122133548,1,1,33.45242771100087,S
0,3,male,12.797761940814361,0,0,10.492232068625093,S
1,1,male,29.961603905194437,0,1,26.983689072748724,C
1,1,male,9.017505626919586,1,0,15.827775266490281,C
0,1,male,41.0297522242564,0,0,13.322862138202192,S
0,3,male,,1,0,123.82862239560885,S
0,3,male,29.34246942939334,0,1,65.18210468150917,S
1,3,male,2.3563796780634902,0,0,23.02882397006773,S
0,1,female,23.98987290756915,0,2,2.005288747401279,S
0,2,female,,0,0,13.999068290854709,S
0,3,female,0.42,1,0,299.773612386581,S
0,3,male,37.556710295376604,0,0,15.948078206650944,S
0,3,female,,3,2,60.53474950026886,S
0,1,male,46.07736704548722,3,0,84.9397687144263,S
0,3,female,,0,1,25.002202371697482,S
0,2,male,23.695243064789587,0,1,8.655356415942773,S
0,2,female,41.38540831394348,1,0,1.7588983370680755,S
0,3,male,47.44587137931906,3,0,39.81179434070236,S
0,3,female,31.683916530233752,0,0,8.892818111187447,S
0,3,female,12.52677750147567,0,0,23.954362363579172,C
0,1,male,,0,1,5.755636643164249,C
0,1,male,,1,0,15.406083432944477,C
0,3,female,28.616209561822586,0,0,20.77435004683169,S
0,3,male,0.42,1,1,26.27436058677104,S
1,2,female,8.400609776782193,0,0,6.587525683264008,S
0,1,male,23.545493804434017,0,0,66.48065138846853,S
1,1,male,44.71946595705474,0,0,11.057458916020039,S
0,3,male,25.739725890099777,0,0,3.764181872681922,S
1,1,male,44.98925899711227,0,0,18.010890091478934,C
1,2,female,22.070645873561407,0,1,20.78798777417054,S
0,1,male,1.2177584275836075,0,0,23.5844933155748,C
0,2,male,,0,0,78.42418827473469,C
0,1,male,34.70170252242113,0,0,15.856050512167174,S
0,3,male,,3,0,17.821050583915774,C
1,1,female,11.500937635778783,0,0,6.664637867971289,S
1,3,female,24.6076550738454,0,2,45.62945736892048,C
1,1,male,68.62777645192907,0,0,24.150596125462798,S
0,3,female,11.817602018695286,4,0,13.196772243799455,C
1,3,female,39.28048921972436,0,0,2.9901552422344904,S
1,3,male,0.42,0,0,85.14981164384345,Q
0,3,female,,1,0,5.884489762205018,S
0,2,male,,0,0,11.119740927121356,S
1,2,male,,0,0,28.741570121305877,C
0,3,female,10.972878774361082,0,0,6.070506661657569,C
1,3,male,33.917365602562256,0,0,4.510870821788842,S
0,3,female,16.52457071174915,0,0,2.4014012407673304,S
1,3,female,19.33180134698393,1,2,41.305553279685206,S
0,3,male,36.10879709272794,0,0,11.644264664028482,Q
0,3,female,,1,0,375.1290471377205,C
0,1,male,35.21553099913651,0,0,7.430884784678285,C
1,3,male,26.93280087967141,1,0,7.992862664871938,S
1,3,male,30.678658378085487,0,0,11.411333517161193,S
0,1,female,36.153753834624325,0,0,25.613886738590292,S
0,3,male,,0,0,12.550953781484196,C
1,1,male,,3,0,37.05236617230217,S
0,3,female,21.981472144018042,0,0,7.548973622736855,C
1,1,female,47.02951810758482,0,0,5.045053617187035,S
0,3,female,31.38450971910997,0,0,3.3260494906500457,S
0,3,male,17.44897242554813,0,0,2.173689234486395,S
0,2,male,35.52262882162192,0,0,11.964345043831106,S
0,3,male,36.4905759816175,0,0,14.86515208692261,S
1,3,female,37.23998659906825,0,0,10.682030877425689,S
0,3,male,15.521360594616358,0,0,69.64464390931029,S
0,1,male,19.805330582854523,0,1,68.58200685664382,C
1,2,female,19.88597636238833,0,0,14.370780491310803,S
0,1,male,,1,0,3.340361006105275,S
0,3,female,37.51432818458415,0,0,11.396370094634053,S
1,3,female,33.994679668599694,0,2,11.02514536282735,S
1,3,female,35.140645878778855,0,0,10.41102184468843,C
0,3,male,49.33327756438709,4,0,9.99696049310083,S
1,3,male,,3,0,10.449322087272432,C
1,3,female,27.64387643755673,1,0,13.646163012118775,S
0,1,female,12.533664947238755,0,0,10.63828089865514,S
0,3,female,19.33906837717238,0,0,24.737554365587002,S
1,1,male,25.90527651866571,0,2,28.799807869014145,S
1,3,female,41.72238249637365,0,2,8.079701371017466,S
0,3,female,29.303686955461647,0,0,71.59787007777558,C
1,3,female,20.185158654117572,1,0,7.537855296773182,S
1,1,female,19.073053156955226,1,2,3.983653592166759,S
0,2,female,28.69111597064222,1,0,29.393632562028145,S
0,2,male,42.60481965214795,0,0,8.869264434874108,S
0,2,male,52.7697799337392,1,0,27.696096169639585,S
1,1,male,26.71635532856982,0,0,1.8154464199885676,S
0,3,male,29.051223878942327,0,0,80.83871052721206,S
0,3,male,12.097845260717946,1,0,39.34202980279057,S
1,2,male,57.81829225194226,0,0,4.4795538339757215,S
1,2,male,9.385458846736782,0,0,4.577819880409107,C
0,2,male,46.68910352081798,0,0,106.93978340147757,S
1,3,male,24.402628681319175,1,0,9.608230707417473,S
0,3,female,,1,1,8.721708531737995,Q
1,3,female,13.604948207654061,0,0,2.0832890229098027,S
0,3,male,64.64570541640343,1,0,14.143028177976728,S
0,3,female,32.91162853753672,0,2,15.995067367287305,S
1,3,male,30.00856633800892,0,2,41.07883793344748,S
0,1,male,42.55761921354086,1,0,4.957599103416951,S
0,3,male,20.26292547836553,1,0,4.391685998826209,Q
1,1,male,29.726766350849584,4,0,31.53073028170814,S
1,3,female,30.51687615877575,0,1,54.9668387307208,C
1,2,female,22.27388688095207,0,2,4.173886636647417,S
1,3,male,47.09475214819575,0,1,59.235089023934854,S
0,3,male,26.52951103330939,1,0,20.853917942161832,S
0,3,male,7.179585226151971,0,0,59.84783987716202,C
0,3,male,,1,0,18.72350410226127,Q
0,2,male,33.31309073985151,0,0,1.612397307699244,S
1,1,male,16.74434810862968,0,0,17.253803599346085,Q
0,2,female,17.888375499028633,0,0,57.982649466939996,S
0,1,female,21.77924394717241,0,0,8.217401015549862,S
0,3,male,47.407917070970925,0,0,13.62675352148004,S
1,2,female,22.63620867163726,1,0,16.84184387270951,S
0,3,male,,0,0,1.1057082945118621,S
0,3,male,20.783218646849132,0,0,106.84162261231175,S
0,3,male,34.412704975719855,0,0,8.154943600458443,S
0,1,male,23.229481223813607,0,0,33.30592910947743,S
0,3,female,,0,0,18.417455140125536,S
1,3,male,13.485024758803451,0,4,70.64158942237759,Q
1,3,male,,0,0,30.146116907612793,S
0,3,female,31.351106304490415,0,0,15.880242531693415,S
1,3,male,20.420118656726988,0,0,8.219298850856822,S
1,1,female,27.289788471702817,0,0,44.60521147353747,S
1,3,male,51.940896644966536,0,1,3.0850217144289998,C
0,2,male,31.69874532077136,0,0,38.31687578944286,S
0,1,male,19.510443769266736,0,1,6.692284183959058,C
0,2,male,12.231947398992364,2,0,70.26569235283827,S
0,1,male,37.02836196474946,1,1,23.60124683582996,S
1,1,female,,1,0,38.2492429473338,S
1,1,male,39.77780007877924,0,1,21.801718867607274,S
1,3,female,8.497741274497287,1,0,3.4820559336015307,S
0,3,female,12.70222343307325,1,0,8.493242409024443,S
0,3,female,46.32974838915254,1,0,39.345804047859005,S
1,2,male,34.50445387830044,0,2,23.72800075844815,S
1,2,male,37.434312342944644,0,0,65.43059125589538,Q
0,3,male,15.741038034434677,1,0,30.06238020632263,S
1,2,female,,0,1,7.639239904561531,S
1,1,male,44.073250543785285,0,0,9.060604704733217,S
0,3,male,44.75647599409466,0,0,22.262805931316795,S
0,1,male,13.91936743807872,0,0,1.9856690971667545,S
0,3,male,,0,0,107.0656165853423,C
0,3,male,28.125401924669557,0,2,31.24148116743753,Q
0,1,male,18.109447426047907,0,0,68.5137597287642,S
1,1,female,17.80743525383263,0,0,4.134622618729176,S
0,3,male,11.555015426802807,0,3,69.7254341678895,S
0,3,male,22.90770919993468,0,0,187.07299925504657,S
0,1,male,12.956926231823441,0,0,5.360845175361703,S
0,3,male,13.816686906366067,1,0,43.4409174311278,S
1,1,male,34.026681775211415,1,0,20.107843135227704,S
0,3,female,,0,0,4.286909820199179,S
0,3,male,36.73074088221591,0,2,32.88063793289718,S
1,1,female,5.789015187435059,0,1,46.228810371190946,S
0,1,male,29.843268842531565,1,0,11.010765184116712,S
0,1,male,59.79674436140465,0,0,64.45172669470294,S
0,2,female,24.30204897785881,0,0,3.7933009125374393,C
0,1,male,,0,2,4.505252118072208,S
0,3,male,,0,1,23.02538713288048,C
0,1,male,42.2453798160185,1,0,20.601940656246356,S
0,3,male,32.11659446233118,1,1,9.810237777648108,S
1,3,female,37.908246749791104,0,0,45.13213118518037,S
0,3,male,39.83569749018858,0,0,34.15449881430482,S
0,3,female,,0,0,47.37710385351441,Q
1,2,female,13.497436484055754,0,0,17.75848739342413,S
0,3,male,4.94292500311219,0,0,36.6927896324791,S
1,3,female,,0,0,12.862932133362929,S
0,2,male,25.782680110451377,0,0,156.6194049647573,Q
1,1,female,38.311937649128346,0,0,8.912495045877735,S
0,3,male,13.686036476082023,2,0,164.8931073063747,Q
0,3,female,43.097571649473856,0,0,20.79864721994106,C
0,1,male,22.41700996963565,1,0,5.075825188509814,S
1,2,male,22.555049437685856,1,2,78.89196228547893,C
0,2,male,17.576448559745792,0,0,22.78041984783249,Q
0,3,female,,1,0,47.045917759119135,S
0,3,male,33.02505486230238,0,0,68.29632227828742,S
1,3,male,54.533681836159246,0,1,28.16149316318751,S
0,1,female,28.79136440877783,0,5,11.109039599074226,S
1,2,female,2.8658411954246397,8,0,53.28811790294096,S
0,3,female,41.01497076843847,0,0,20.100717429833583,S
0,1,female,6.140429143506655,0,2,39.87931700161817,S
0,2,female,,2,0,2.330934887116546,S
0,3,female,26.24409650145322,0,0,31.405458551003335,S
0,1,male,31.48122985883287,1,0,10.605939505033703,C
0,3,male,,1,0,104.93169736232227,S
1,1,female,25.67891717979328,1,0,37.45302001208583,S
0,1,male,40.06985481102993,3,0,25.530089727791115,S
0,1,male,42.05659382971626,4,0,32.66519027605768,S
0,3,male,47.84611811630684,0,2,7.400585710335644,Q
0,3,female,57.38657045825566,1,0,101.82510559192579,S
0,3,male,41.44339516408619,0,1,147.13792591634564,S
0,3,male,26.557320541138512,0,0,29.752510367967304,Q
0,1,male,42.1600499712831,0,0,98.53418744049259,Q
1,3,male,36.46738539307514,0,0,11.368561712812506,S
1,3,male,,4,2,9.051101235367454,C
0,3,male,,1,1,20.924584273624323,S
0,1,male,16.475215518768355,0,0,31.029582956735684,S
1,3,female,14.792602086582013,0,1,13.544943696529497,S
0,1,male,28.291786084410433,0,0,34.39008136423324,S
0,2,female,31.859196099772394,1,2,27.286429264893087,C
0,3,female,19.84810661749016,1,0,7.401578029522574,S
1,3,male,35.838458254824346,0,2,33.74367584708613,S
1,2,female,59.87110560856824,0,0,47.633116423716984,Q
0,2,male,4.4072045704652645,0,0,23.842490823487505,S
0,3,female,38.14254492467453,0,0,63.60220269157578,Q
0,3,male,28.74336799708325,2,0,5.945271552163711,Q
1,3,female,,0,0,32.07094314211519,S
0,3,male,23.454636843325776,0,0,6.23213701224284,S
0,3,male,27.58213166681608,0,0,6.592407722269528,S
1,2,male,,0,0,10.687439423414528,S
0,3,female,25.32630868873872,3,0,7.829822311308634,S
1,2,female,7.652150898136469,0,0,11.61159515579778,S
0,2,male,26.308232055655427,0,2,16.21358853805643,Q
0,3,male,9.161712391155188,0,0,46.39327374497584,S
0,1,male,39.17130010341449,1,0,14.568198401034454,C
1,3,female,,0,0,4.1139115581771915,S
